,1m,1.5m,2m,3m,4m,6m,1y,2y,3y,5y,7y,10y,20y,30y
10/17/2025,4.18,4.15,4.08,4,3.95,3.79,3.56,3.46,3.47,3.59,3.78,4.02,4.58,4.6
10/16/2025,4.2,4.17,4.1,4.02,3.96,3.79,3.54,3.41,3.42,3.55,3.74,3.99,4.56,4.58
10/15/2025,4.2,4.18,4.09,4.03,3.98,3.82,3.61,3.5,3.51,3.63,3.82,4.05,4.61,4.64
10/14/2025,4.19,4.18,4.08,4.02,3.95,3.8,3.58,3.48,3.47,3.6,3.79,4.03,4.59,4.62
10/10/2025,4.19,4.16,4.1,4.02,3.96,3.81,3.6,3.52,3.52,3.65,3.83,4.05,4.6,4.63
10/9/2025,4.2,4.17,4.11,4.03,3.95,3.83,3.66,3.6,3.59,3.74,3.92,4.14,4.7,4.72
10/8/2025,4.2,4.16,4.09,4.01,3.94,3.82,3.66,3.58,3.58,3.72,3.91,4.13,4.69,4.72
10/7/2025,4.2,4.17,4.1,4.01,3.95,3.81,3.65,3.57,3.56,3.71,3.9,4.14,4.7,4.73
10/6/2025,4.22,4.14,4.11,4.02,3.95,3.81,3.66,3.6,3.63,3.75,3.95,4.18,4.73,4.76
10/3/2025,4.24,4.17,4.11,4.03,3.96,3.82,3.64,3.58,3.59,3.72,3.9,4.13,4.69,4.71
10/2/2025,4.23,4.18,4.11,4.02,3.96,3.81,3.62,3.55,3.56,3.67,3.86,4.1,4.66,4.69
10/1/2025,4.17,4.18,4.12,4.01,3.95,3.8,3.62,3.55,3.56,3.68,3.88,4.12,4.69,4.72
9/30/2025,4.2,4.19,4.15,4.02,3.98,3.83,3.68,3.6,3.61,3.74,3.93,4.16,4.71,4.73
9/29/2025,4.22,4.19,4.16,4.04,3.99,3.84,3.65,3.63,3.63,3.74,3.92,4.15,4.69,4.71
9/26/2025,4.22,4.2,4.17,4.02,4,3.83,3.67,3.63,3.66,3.76,3.96,4.2,4.74,4.77
9/25/2025,4.24,4.2,4.18,4.04,4.01,3.85,3.68,3.64,3.66,3.75,3.94,4.18,4.73,4.75
9/24/2025,4.18,4.19,4.13,4.02,3.98,3.82,3.63,3.57,3.6,3.7,3.91,4.16,4.73,4.76
9/23/2025,4.16,4.18,4.12,4,3.97,3.81,3.61,3.53,3.57,3.68,3.87,4.12,4.7,4.73
9/22/2025,4.17,4.15,4.13,4,3.98,3.81,3.61,3.61,3.59,3.71,3.9,4.15,4.73,4.77
9/19/2025,4.19,4.16,4.14,4.03,3.98,3.81,3.6,3.57,3.56,3.68,3.88,4.14,4.71,4.75
9/18/2025,4.2,4.17,4.14,4.03,3.98,3.81,3.61,3.57,3.55,3.67,3.86,4.11,4.68,4.72
9/17/2025,4.17,4.16,4.11,4.02,3.97,3.8,3.6,3.52,3.51,3.62,3.81,4.06,4.62,4.66
9/16/2025,4.2,4.19,4.15,4.04,4,3.81,3.62,3.51,3.47,3.59,3.78,4.04,4.61,4.65
9/15/2025,4.22,4.21,4.17,4.06,4,3.81,3.64,3.54,3.5,3.61,3.79,4.05,4.63,4.66
9/12/2025,4.24,4.24,4.2,4.08,4.02,3.83,3.66,3.56,3.52,3.63,3.81,4.06,4.65,4.68
9/11/2025,4.22,4.22,4.18,4.08,4,3.82,3.63,3.52,3.47,3.59,3.76,4.01,4.61,4.65
9/10/2025,4.23,4.23,4.2,4.09,4.02,3.83,3.66,3.54,3.47,3.59,3.78,4.04,4.65,4.69
9/9/2025,4.25,4.25,4.22,4.1,4.05,3.85,3.68,3.54,3.48,3.61,3.81,4.08,4.68,4.72
9/8/2025,4.26,4.23,4.21,4.1,4.04,3.84,3.64,3.49,3.47,3.57,3.77,4.05,4.65,4.69
9/5/2025,4.29,4.24,4.24,4.07,4.05,3.85,3.65,3.51,3.48,3.59,3.8,4.1,4.72,4.78
9/4/2025,4.33,4.3,4.28,4.16,4.12,3.94,3.76,3.59,3.55,3.65,3.87,4.17,4.81,4.86
9/3/2025,4.35,4.33,4.26,4.18,4.14,3.96,3.77,3.61,3.58,3.69,3.92,4.22,4.85,4.9
9/2/2025,4.4,4.35,4.29,4.2,4.15,3.99,3.82,3.66,3.63,3.74,3.98,4.28,4.92,4.97
8/29/2025,4.41,4.34,4.3,4.23,4.17,4.01,3.83,3.59,3.58,3.68,3.92,4.23,4.86,4.92
8/28/2025,4.42,4.35,4.31,4.26,4.17,4.04,3.85,3.62,3.6,3.69,3.92,4.22,4.83,4.88
8/27/2025,4.42,4.36,4.3,4.26,4.18,4.04,3.83,3.59,3.59,3.69,3.95,4.24,4.87,4.91
8/26/2025,4.42,4.37,4.34,4.28,4.2,4.06,3.85,3.61,3.63,3.75,3.98,4.26,4.86,4.9
8/25/2025,4.45,4.38,4.35,4.29,4.21,4.08,3.88,3.73,3.68,3.8,4.01,4.28,4.86,4.89
8/22/2025,4.47,4.38,4.36,4.27,4.21,4.08,3.87,3.68,3.64,3.76,3.98,4.26,4.84,4.88
8/21/2025,4.49,4.41,4.39,4.32,4.24,4.14,3.95,3.79,3.75,3.86,4.07,4.33,4.89,4.92
8/20/2025,4.45,4.4,4.35,4.3,4.22,4.11,3.9,3.74,3.69,3.81,4.02,4.29,4.86,4.89
8/19/2025,4.46,4.4,4.35,4.3,4.21,4.11,3.91,3.75,3.7,3.82,4.04,4.3,4.89,4.9
8/18/2025,4.47,4.4,4.35,4.33,4.22,4.13,3.93,3.77,3.73,3.86,4.07,4.34,4.92,4.94
8/15/2025,4.48,4.42,4.35,4.3,4.22,4.12,3.93,3.75,3.73,3.85,4.07,4.33,4.91,4.92
8/14/2025,4.48,4.43,4.36,4.3,4.22,4.12,3.91,3.74,3.7,3.82,4.03,4.29,4.86,4.88
8/13/2025,4.44,4.42,4.32,4.29,4.21,4.09,3.86,3.67,3.64,3.77,3.98,4.24,4.81,4.83
8/12/2025,4.44,4.44,4.35,4.33,4.25,4.12,3.9,3.72,3.69,3.83,4.03,4.29,4.87,4.88
8/11/2025,4.46,4.41,4.38,4.34,4.27,4.15,3.93,3.76,3.71,3.83,4.03,4.27,4.83,4.84
8/8/2025,4.48,4.43,4.39,4.32,4.27,4.15,3.93,3.76,3.7,3.84,4.03,4.27,4.84,4.85
8/7/2025,4.49,4.46,4.41,4.32,4.27,4.15,3.92,3.72,3.66,3.79,3.99,4.23,4.81,4.81
8/6/2025,4.48,4.47,4.4,4.32,4.27,4.15,3.9,3.69,3.63,3.77,3.97,4.22,4.8,4.81
8/5/2025,4.49,4.48,4.41,4.34,4.29,4.16,3.92,3.72,3.63,3.77,3.97,4.22,4.77,4.78
8/4/2025,4.48,4.46,4.43,4.35,4.28,4.15,3.82,3.69,3.66,3.75,3.95,4.22,4.78,4.8
8/1/2025,4.49,4.46,4.44,4.35,4.3,4.16,3.87,3.69,3.67,3.77,3.97,4.23,4.79,4.81
7/31/2025,4.49,4.47,4.46,4.41,4.4,4.31,4.1,3.94,3.89,3.96,4.14,4.37,4.89,4.89
7/30/2025,4.41,4.48,4.45,4.41,4.39,4.31,4.12,3.94,3.89,3.96,4.15,4.38,4.9,4.89
7/29/2025,4.4,4.47,4.45,4.4,4.41,4.28,4.07,3.86,3.82,3.9,4.1,4.34,4.86,4.86
7/28/2025,4.4,4.47,4.45,4.4,4.42,4.3,4.09,3.91,3.87,3.96,4.18,4.42,4.95,4.96
7/25/2025,4.37,4.46,4.46,4.42,4.42,4.31,4.09,3.91,3.86,3.95,4.15,4.4,4.92,4.92
7/24/2025,4.37,4.47,4.46,4.42,4.42,4.32,4.1,3.91,3.87,3.98,4.18,4.43,4.95,4.96
7/23/2025,4.37,4.46,4.45,4.41,4.42,4.31,4.08,3.88,3.84,3.94,4.15,4.4,4.93,4.95
7/22/2025,4.37,4.46,4.45,4.41,4.42,4.3,4.05,3.83,3.77,3.88,4.09,4.35,4.9,4.9
7/21/2025,4.35,4.41,4.46,4.41,4.42,4.3,4.06,3.85,3.81,3.91,4.13,4.38,4.93,4.94
7/18/2025,4.35,4.39,4.46,4.4,4.42,4.3,4.08,3.88,3.84,3.96,4.18,4.44,4.99,5
7/17/2025,4.36,4.39,4.47,4.41,4.42,4.31,4.1,3.91,3.89,4.01,4.22,4.47,5.01,5.01
7/16/2025,4.36,4.4,4.45,4.41,4.42,4.31,4.08,3.88,3.86,3.99,4.21,4.46,5.01,5.01
7/15/2025,4.36,4.4,4.46,4.42,4.43,4.33,4.12,3.95,3.93,4.05,4.26,4.5,5.02,5.01
7/14/2025,4.37,4.41,4.46,4.42,4.42,4.31,4.08,3.9,3.86,3.98,4.19,4.43,4.97,4.97
7/11/2025,4.37,4.39,4.47,4.41,4.42,4.31,4.09,3.9,3.86,3.99,4.19,4.43,4.96,4.96
7/10/2025,4.36,4.39,4.47,4.42,4.42,4.31,4.07,3.86,3.82,3.93,4.12,4.35,4.87,4.86
7/9/2025,4.36,4.4,4.45,4.42,4.42,4.31,4.07,3.86,3.8,3.92,4.11,4.34,4.87,4.87
7/8/2025,4.36,4.41,4.46,4.42,4.42,4.34,4.11,3.9,3.86,3.99,4.18,4.42,4.95,4.94
7/7/2025,4.37,4.43,4.45,4.42,4.41,4.33,4.08,3.9,3.85,3.96,4.16,4.4,4.93,4.92
7/3/2025,4.35,4.43,4.5,4.42,4.41,4.34,4.07,3.88,3.84,3.94,4.12,4.35,4.87,4.86
7/2/2025,4.33,4.44,4.43,4.41,4.37,4.28,3.99,3.78,3.77,3.87,4.06,4.3,4.84,4.82
7/1/2025,4.32,4.44,4.42,4.4,4.35,4.29,3.98,3.78,3.75,3.84,4.03,4.26,4.79,4.78
6/30/2025,4.28,4.41,4.45,4.41,4.36,4.29,3.96,3.72,3.68,3.79,3.98,4.24,4.79,4.78
6/27/2025,4.19,4.43,4.49,4.39,4.36,4.26,3.97,3.73,3.72,3.83,4.03,4.29,4.85,4.85
6/26/2025,4.11,4.47,4.49,4.39,4.36,4.26,3.96,3.7,3.68,3.79,4,4.26,4.81,4.81
6/25/2025,4.21,4.46,4.43,4.38,4.36,4.26,3.99,3.74,3.74,3.83,4.05,4.29,4.83,4.83
6/24/2025,4.21,4.53,4.44,4.38,4.37,4.27,3.99,3.75,3.75,3.86,4.06,4.3,4.83,4.83
6/23/2025,4.2,4.4,4.52,4.38,4.37,4.28,4,3.84,3.8,3.91,4.1,4.34,4.87,4.87
6/20/2025,4.2,4.38,4.55,4.39,4.4,4.29,4.07,3.9,3.86,3.96,4.16,4.38,4.9,4.89
6/18/2025,4.2,4.36,4.58,4.42,4.41,4.33,4.1,3.94,3.89,3.98,4.17,4.38,4.89,4.88
6/17/2025,4.23,4.31,4.46,4.42,4.39,4.31,4.1,3.94,3.9,3.99,4.17,4.39,4.89,4.88
6/16/2025,4.24,4.36,4.47,4.43,4.4,4.32,4.1,3.97,3.93,4.04,4.23,4.46,4.97,4.96
6/13/2025,4.23,4.32,4.48,4.45,4.4,4.3,4.09,3.96,3.9,4.02,4.2,4.41,4.93,4.9
6/12/2025,4.18,4.3,4.49,4.46,4.4,4.29,4.06,3.9,3.85,3.97,4.15,4.36,4.86,4.84
6/11/2025,4.3,4.32,4.39,4.45,4.39,4.31,4.08,3.94,3.89,4.02,4.21,4.41,4.93,4.91
6/10/2025,4.29,4.31,4.37,4.45,4.38,4.32,4.12,4.01,3.95,4.08,4.27,4.47,4.96,4.93
6/9/2025,4.29,4.32,4.36,4.44,4.38,4.32,4.13,4.01,3.99,4.09,4.28,4.49,4.98,4.95
6/6/2025,4.28,4.31,4.35,4.43,4.38,4.31,4.14,4.04,4.02,4.13,4.31,4.51,4.99,4.97
6/5/2025,4.26,4.33,4.35,4.44,4.37,4.29,4.08,3.92,3.9,3.99,4.18,4.4,4.9,4.88
6/4/2025,4.32,4.34,4.35,4.44,4.37,4.29,4.06,3.87,3.84,3.93,4.14,4.37,4.9,4.89
6/3/2025,4.33,4.34,4.35,4.43,4.38,4.31,4.12,3.96,3.93,4.04,4.23,4.46,5,4.98
6/2/2025,4.33,4.33,4.36,4.44,4.38,4.31,4.12,3.94,3.91,4.01,4.22,4.46,5,4.99
5/30/2025,4.33,4.35,4.35,4.36,4.39,4.36,4.11,3.89,3.87,3.96,4.18,4.41,4.93,4.92
5/29/2025,4.34,4.34,4.35,4.36,4.39,4.36,4.13,3.92,3.91,4,4.2,4.43,4.94,4.92
5/28/2025,4.35,4.35,4.35,4.35,4.38,4.36,4.16,3.96,3.95,4.05,4.27,4.47,4.99,4.97
5/27/2025,4.35,4.35,4.35,4.35,4.43,4.35,4.14,3.92,3.93,4.04,4.22,4.43,4.95,4.94
5/23/2025,4.36,4.34,4.35,4.36,4.43,4.35,4.15,4,3.96,4.08,4.29,4.51,5.03,5.04
5/22/2025,4.37,4.34,4.35,4.37,4.42,4.34,4.13,4,3.99,4.11,4.32,4.54,5.05,5.05
5/21/2025,4.35,4.34,4.34,4.36,4.42,4.33,4.13,4,4,4.15,4.37,4.58,5.08,5.08
5/20/2025,4.36,4.35,4.34,4.38,4.42,4.32,4.12,3.97,3.95,4.07,4.27,4.48,4.99,4.96
5/19/2025,4.37,4.36,4.35,4.39,4.42,4.32,4.12,3.97,3.95,4.07,4.26,4.46,4.95,4.92
5/16/2025,4.37,4.36,4.34,4.37,4.42,4.3,4.13,3.98,3.95,4.06,4.24,4.43,4.92,4.89
5/15/2025,4.37,4.38,4.35,4.38,4.43,4.29,4.1,3.96,3.95,4.07,4.25,4.45,4.93,4.91
5/14/2025,4.39,4.38,4.36,4.41,4.44,4.3,4.14,4.05,4.05,4.17,4.35,4.53,5,4.97
5/13/2025,4.39,4.38,4.35,4.41,4.45,4.29,4.11,4.02,4,4.12,4.3,4.49,4.97,4.94
5/12/2025,4.38,4.37,4.36,4.42,4.45,4.29,4.11,3.98,3.97,4.09,4.27,4.45,4.92,4.89
5/9/2025,4.37,4.36,4.34,4.34,4.4,4.28,4.05,3.88,3.85,4,4.18,4.37,4.86,4.83
5/8/2025,4.37,4.37,4.35,4.34,4.4,4.28,4.05,3.9,3.85,4,4.18,4.37,4.86,4.83
5/7/2025,4.37,4.37,4.33,4.34,4.39,4.27,4,3.78,3.72,3.87,4.06,4.26,4.78,4.77
5/6/2025,4.37,4.37,4.33,4.33,4.38,4.25,3.98,3.78,3.73,3.9,4.1,4.3,4.82,4.81
5/5/2025,4.38,4.36,4.34,4.33,4.4,4.27,4.02,3.83,3.78,3.95,4.14,4.36,4.84,4.83
5/2/2025,4.38,4.36,4.34,4.33,4.41,4.26,4,3.83,3.82,3.92,4.11,4.33,4.81,4.79
5/1/2025,4.38,4.36,4.34,4.31,4.38,4.22,3.92,3.7,3.69,3.81,4.02,4.25,4.75,4.74
4/30/2025,4.35,4.37,4.36,4.31,4.37,4.19,3.85,3.6,3.58,3.72,3.93,4.17,4.68,4.66
4/29/2025,4.35,4.38,4.36,4.31,4.3,4.2,3.89,3.65,3.65,3.77,3.96,4.19,4.66,4.64
4/28/2025,4.35,4.37,4.37,4.32,4.32,4.22,3.92,3.67,3.67,3.81,4.01,4.23,4.71,4.69
4/25/2025,4.34,4.37,4.36,4.32,4.32,4.22,3.95,3.74,3.76,3.88,4.06,4.29,4.75,4.74
4/24/2025,4.34,4.36,4.37,4.32,4.32,4.22,3.97,3.77,3.8,3.91,4.11,4.32,4.79,4.77
4/23/2025,4.33,4.36,4.34,4.33,4.33,4.22,4.01,3.81,3.87,4,4.2,4.4,4.86,4.83
4/22/2025,4.33,4.37,4.35,4.33,4.33,4.21,3.98,3.76,3.82,3.98,4.19,4.41,4.9,4.88
4/21/2025,4.35,4.35,4.37,4.34,4.33,4.21,3.95,3.75,3.77,3.97,4.19,4.42,4.94,4.91
4/17/2025,4.36,4.35,4.38,4.34,4.35,4.22,3.99,3.81,3.82,3.95,4.13,4.34,4.82,4.8
4/16/2025,4.35,4.35,4.35,4.33,4.34,4.2,3.96,3.77,3.77,3.91,4.08,4.29,4.77,4.74
4/15/2025,4.35,4.36,4.36,4.33,4.32,4.21,3.99,3.84,3.85,3.98,4.15,4.35,4.82,4.79
4/14/2025,4.34,4.36,4.37,4.33,4.34,4.21,3.99,3.84,3.87,4.02,4.2,4.38,4.84,4.8
4/11/2025,4.37,4.35,4.38,4.34,4.35,4.21,4.04,3.96,3.98,4.15,4.32,4.48,4.91,4.85
4/10/2025,4.36,4.36,4.39,4.34,4.33,4.17,3.97,3.84,3.85,4.04,4.21,4.4,4.9,4.86
4/9/2025,4.36,4.38,4.37,4.35,4.36,4.23,4.03,3.91,3.91,4.06,4.2,4.34,4.78,4.72
4/8/2025,4.36,4.39,4.37,4.31,4.3,4.14,3.83,3.71,3.71,3.88,4.05,4.26,4.76,4.71
4/7/2025,4.36,4.36,4.36,4.29,4.28,4.14,3.86,3.73,3.72,3.82,3.97,4.15,4.61,4.58
4/4/2025,4.36,4.35,4.36,4.28,4.25,4.14,3.86,3.68,3.66,3.72,3.84,4.01,4.44,4.41
4/3/2025,4.36,4.37,4.38,4.31,4.29,4.2,3.92,3.71,3.68,3.75,3.88,4.06,4.51,4.49
4/2/2025,4.38,4.36,4.34,4.32,4.32,4.24,4.04,3.91,3.89,3.95,4.07,4.2,4.58,4.54
4/1/2025,4.38,4.36,4.35,4.32,4.3,4.23,4.01,3.87,3.85,3.91,4.03,4.17,4.56,4.52
3/31/2025,4.38,4.36,4.35,4.32,4.31,4.23,4.03,3.89,3.89,3.96,4.09,4.23,4.62,4.59
3/28/2025,4.38,4.35,4.35,4.33,4.3,4.26,4.04,3.89,3.91,3.98,4.11,4.27,4.65,4.64
3/27/2025,4.37,4.35,4.36,4.33,4.31,4.27,4.1,3.97,4,4.09,4.23,4.38,4.75,4.73
3/26/2025,4.36,4.34,4.33,4.33,4.31,4.26,4.1,3.98,4.01,4.08,4.22,4.35,4.71,4.69
3/25/2025,4.36,4.34,4.33,4.33,4.3,4.26,4.09,3.96,3.98,4.07,4.19,4.31,4.67,4.65
3/24/2025,4.35,4.34,4.34,4.33,4.3,4.27,4.11,4.04,4.01,4.09,4.22,4.34,4.68,4.66
3/21/2025,4.36,4.33,4.33,4.33,4.29,4.26,4.04,3.94,3.92,4,4.12,4.25,4.6,4.59
3/20/2025,4.36,4.34,4.34,4.33,4.29,4.27,4.06,3.95,3.93,4.01,4.12,4.24,4.57,4.55
3/19/2025,4.37,4.34,4.32,4.33,4.3,4.29,4.1,3.99,3.95,4.03,4.14,4.25,4.58,4.56
3/18/2025,4.37,4.35,4.33,4.34,4.29,4.29,4.13,4.04,4.01,4.07,4.18,4.29,4.61,4.58
3/17/2025,4.37,4.35,4.33,4.34,4.3,4.29,4.11,4.06,4.03,4.11,4.21,4.31,4.64,4.6
3/14/2025,4.37,4.36,4.33,4.33,4.3,4.29,4.09,4.02,4,4.09,4.2,4.31,4.65,4.62
3/13/2025,4.37,4.37,4.34,4.34,4.28,4.27,4.03,3.94,3.93,4.02,4.15,4.27,4.63,4.59
3/12/2025,4.36,4.36,4.34,4.35,4.3,4.27,4.07,4.01,3.98,4.09,4.2,4.32,4.67,4.63
3/11/2025,4.37,4.37,4.33,4.34,4.28,4.26,4.03,3.94,3.92,4.03,4.16,4.28,4.63,4.59
3/10/2025,4.37,4.35,4.34,4.33,4.28,4.25,3.98,3.89,3.91,3.98,4.1,4.22,4.58,4.54
3/7/2025,4.38,4.36,4.33,4.34,4.29,4.29,4.05,3.99,4.01,4.09,4.21,4.32,4.66,4.62
3/6/2025,4.38,4.37,4.34,4.34,4.28,4.27,4.02,3.96,3.98,4.06,4.18,4.29,4.63,4.58
3/5/2025,4.38,4.38,4.36,4.35,4.3,4.3,4.06,3.99,4.01,4.08,4.18,4.28,4.61,4.57
3/4/2025,4.39,4.38,4.37,4.34,4.31,4.28,4.04,3.96,3.94,4.01,4.11,4.22,4.56,4.53
3/3/2025,4.38,4.38,4.37,4.35,4.31,4.31,4.06,3.96,3.93,3.97,4.06,4.16,4.49,4.45
2/28/2025,4.38,4.37,4.38,4.32,4.32,4.25,4.08,3.99,3.99,4.03,4.14,4.24,4.55,4.51
2/27/2025,4.38,4.38,4.38,4.32,4.32,4.28,4.13,4.07,4.05,4.09,4.19,4.29,4.59,4.56
2/26/2025,4.35,4.38,4.37,4.31,4.32,4.28,4.12,4.05,4.04,4.06,4.16,4.25,4.55,4.51
2/25/2025,4.34,4.37,4.37,4.3,4.33,4.28,4.12,4.07,4.08,4.12,4.21,4.3,4.59,4.55
2/24/2025,4.36,4.38,4.37,4.31,4.34,4.3,4.15,4.13,4.17,4.23,4.32,4.4,4.69,4.66
2/21/2025,4.36,4.39,4.38,4.32,4.34,4.3,4.15,4.19,4.19,4.26,4.35,4.42,4.69,4.67
2/20/2025,4.37,4.4,4.38,4.33,4.35,4.33,4.2,4.28,4.27,4.34,4.43,4.5,4.77,4.74
2/19/2025,4.38,4.42,4.38,4.34,4.35,4.34,4.22,4.28,4.3,4.37,4.46,4.53,4.79,4.76
2/18/2025,4.38,4.41,4.38,4.34,4.37,4.34,4.24,4.29,4.33,4.4,4.48,4.55,4.83,4.77
2/14/2025,4.37,,4.38,4.34,4.35,4.32,4.23,4.26,4.26,4.33,4.41,4.47,4.75,4.69
2/13/2025,4.37,,4.39,4.34,4.35,4.33,4.27,4.31,4.31,4.39,4.46,4.52,4.79,4.72
2/12/2025,4.38,,4.39,4.35,4.36,4.33,4.3,4.36,4.37,4.48,4.56,4.62,4.9,4.83
2/11/2025,4.38,,4.4,4.35,4.37,4.31,4.25,4.29,4.28,4.37,4.45,4.54,4.8,4.75
2/10/2025,4.38,,4.4,4.35,4.37,4.31,4.24,4.28,4.3,4.34,4.42,4.51,4.76,4.71
2/7/2025,4.37,,4.38,4.35,4.37,4.3,4.25,4.29,4.31,4.34,4.42,4.49,4.75,4.69
2/6/2025,4.37,,4.38,4.34,4.36,4.28,4.19,4.21,4.23,4.28,4.36,4.45,4.7,4.65
2/5/2025,4.35,,4.37,4.33,4.35,4.27,4.17,4.17,4.19,4.24,4.33,4.43,4.69,4.64
2/4/2025,4.36,,4.38,4.33,4.35,4.27,4.18,4.21,4.25,4.31,4.42,4.52,4.81,4.75
2/3/2025,4.37,,4.38,4.34,4.35,4.28,4.2,4.26,4.28,4.35,4.45,4.54,4.82,4.77
1/31/2025,4.37,,4.37,4.31,4.33,4.28,4.17,4.22,4.27,4.36,4.47,4.58,4.88,4.83
1/30/2025,4.37,,4.38,4.3,4.33,4.27,4.16,4.18,4.24,4.31,4.41,4.52,4.81,4.76
1/29/2025,4.43,,4.34,4.31,4.34,4.27,4.17,4.21,4.27,4.35,4.44,4.55,4.85,4.79
1/28/2025,4.44,,4.35,4.31,4.3,4.26,4.14,4.19,4.25,4.33,4.43,4.55,4.84,4.78
1/27/2025,4.44,,4.36,4.32,4.3,4.25,4.13,4.17,4.24,4.32,4.43,4.53,4.82,4.76
1/24/2025,4.45,,4.36,4.35,4.32,4.25,4.17,4.27,4.33,4.43,4.53,4.63,4.91,4.85
1/23/2025,4.45,,4.36,4.36,4.32,4.27,4.18,4.29,4.35,4.45,4.55,4.65,4.92,4.87
1/22/2025,4.42,,4.35,4.36,4.32,4.28,4.2,4.29,4.34,4.43,4.51,4.6,4.89,4.82
1/21/2025,4.42,,4.35,4.36,4.33,4.28,4.21,4.29,4.33,4.4,4.49,4.57,4.87,4.8
1/17/2025,4.43,,4.35,4.34,4.32,4.28,4.21,4.27,4.33,4.42,4.52,4.61,4.91,4.84
1/16/2025,4.43,,4.36,4.34,4.32,4.26,4.18,4.23,4.29,4.39,4.5,4.61,4.91,4.84
1/15/2025,4.4,,4.34,4.35,4.32,4.26,4.19,4.27,4.34,4.45,4.55,4.66,4.95,4.88
1/14/2025,4.42,,4.35,4.36,4.33,4.29,4.22,4.37,4.46,4.59,4.7,4.78,5.06,4.98
1/13/2025,4.42,,4.36,4.37,4.34,4.3,4.24,4.4,4.49,4.61,4.71,4.79,5.05,4.97
1/10/2025,4.42,,4.35,4.36,4.33,4.27,4.25,4.4,4.46,4.59,4.7,4.77,5.04,4.96
1/9/2025,4.44,,4.36,4.35,4.31,4.24,4.16,4.27,4.31,4.46,4.57,4.68,4.98,4.92
1/8/2025,4.41,,4.34,4.35,4.31,4.25,4.19,4.28,4.31,4.45,4.56,4.67,4.97,4.91
1/7/2025,4.42,,4.35,4.35,4.31,4.24,4.19,4.3,4.33,4.46,4.57,4.67,4.97,4.91
1/6/2025,4.43,,4.36,4.35,4.31,4.24,4.17,4.28,4.3,4.42,4.52,4.62,4.91,4.85
1/3/2025,4.44,,4.35,4.34,4.31,4.25,4.18,4.28,4.32,4.41,4.51,4.6,4.88,4.82
1/2/2025,4.45,,4.36,4.36,4.31,4.25,4.17,4.25,4.29,4.38,4.47,4.57,4.86,4.79
